id,timestamp
5cT3Zcnx3DKezVFAYUPpqg,2024-07-09T14:30:45.920Z
3l3JdIcEn1lZ6mwnZSO2BV,2024-07-09T14:28:17.056Z
1CoW9K4Sabt7H8bspY6dI1,2024-07-09T14:24:43.086Z
5TR5odtJghbnXb9bQv6ubl,2024-07-09T14:21:41.051Z
2BxwnvgDYhBP3LZbd8tkDu,2024-07-09T14:18:17.057Z
3ecLObZD4KDhSTokl9HGOS,2024-07-09T14:15:55.950Z
0Z5OXX6LKeN85fm3MyMJiS,2024-07-09T14:12:21.026Z
2X4GzC2AF0Mq46fjE3IFRd,2024-07-09T14:10:11.980Z
0Qwn9VwFUlhrhsNGBNtIjB,2024-07-09T14:07:14.965Z
4o4y2ZK2pso1lHYAGwhbLN,2024-07-09T14:04:44.963Z
26DCohYR7X4PJGRQoEVn6c,2024-07-09T14:01:29.986Z
2DbwsaYDvznsSkh4c5XgmI,2024-07-09T13:58:51.061Z
1R2FDZO0waMqGNbVWAvLcr,2024-07-09T13:56:22.965Z
4D32XPyh0L8GX07mUDwaoe,2024-07-09T13:53:56.090Z
27FiGK9QF0vCkJeXNhQZUr,2024-07-09T13:51:34.020Z
5nOEci7Elw7ybRmf1v4qfZ,2024-07-09T13:46:57.988Z
4v9Iq4LANThJsxnMNukzOf,2024-07-09T13:44:15.011Z
5svL1PkWw8hPEAOdTNLexy,2024-07-09T13:05:40.818Z
6QnUjSX3r96w2vAyF6H4QM,2024-07-09T13:02:57.003Z
5R6Q2E0wC10LDfrLLcKtwD,2024-07-09T12:59:57.670Z
7cX4PJz1old9fyFI8RlfgW,2024-07-09T12:56:58.115Z
1ZbGW21L7nKBdMyyrpzJPA,2024-07-09T12:52:50.816Z
2MPfWVq2YFGdNTSLoj4RgA,2024-07-09T12:48:38.931Z
2uqYupMHANxnwgeiXTZXzd,2024-07-09T12:45:46.123Z
76c1AuZodByXM3X2k48wju,2024-07-09T12:42:53.923Z
7fveJ3pk1eSfxBdVkzdXZ0,2024-07-09T12:38:43.028Z
4KyZLFDRAVvs2naDwADVTJ,2024-07-09T12:35:40.927Z
7uTqmYA0sSjmDVpQNGDz7j,2024-07-09T12:32:23.669Z
7fveJ3pk1eSfxBdVkzdXZ0,2024-07-09T12:29:09.347Z
1vxjmNMsJRLEhoYGpOXOXB,2024-07-09T12:26:07.235Z
1k2pQc5i348DCHwbn5KTdc,2024-07-08T03:26:03.449Z
7fveJ3pk1eSfxBdVkzdXZ0,2024-07-04T16:55:25.558Z
6SpLc7EXZIPpy0sVko0aoU,2024-07-04T16:46:58.748Z
1ZbGW21L7nKBdMyyrpzJPA,2024-07-04T16:43:26.655Z
5R6Q2E0wC10LDfrLLcKtwD,2024-07-04T16:39:14.753Z
6QnUjSX3r96w2vAyF6H4QM,2024-07-04T16:36:11.825Z
0sbRcQmCZGT7Kzym7OBoxi,2024-07-04T16:36:11.673Z
2uqYupMHANxnwgeiXTZXzd,2024-07-04T16:33:18.261Z
5SOYmkRawOJrpufdWsAfo8,2024-07-04T12:23:20.955Z
50nfwKoDiSYg8zOCREWAm5,2024-07-02T19:25:41.325Z
01oPNCtTniFT3YM4K3ksTf,2024-07-02T19:19:10.527Z
1zZIGnXIcDKU8QIUkR20nK,2024-07-02T19:16:28.135Z
100eDEmpWV5YGVCqHI0leU,2024-07-02T19:11:56.524Z
0pI6RwmnFl9CawvPpvMVzO,2024-07-02T19:08:32.031Z
6u0x5ad9ewHvs3z6u9Oe3c,2024-07-02T19:05:06.333Z
3rgTS3933lMWoPiN6CW4qY,2024-07-02T18:58:33.739Z
1rqqCSm0Qe4I9rUvWncaom,2024-07-02T18:55:28.537Z
7qTaDOcld0VmBWXnkbUj45,2024-07-02T18:50:37.983Z
7fveJ3pk1eSfxBdVkzdXZ0,2024-07-02T18:47:31.835Z
1SjsVdSXpwm1kTdYEHoPIT,2024-07-02T18:44:14.382Z
